id,satisfaction_level
4615,0.6944095000000005
1680,0.1098455000000046
8866,0.39725333333333174
7525,0.5509858333333408
5389,0.7336228333333396
3221,0.6885295000000006
10553,0.6543270000000179
4069,0.6586134999999933
3076,0.812915666666654
12516,0.10480466666666538
2936,0.6830675000000085
1817,0.4115478333333338
6494,0.68239666666665
3332,0.6555115000000024
3866,0.790231499999979
8812,0.5945065000000204
13538,0.6043926666666931
12066,0.4220258333333405
6485,0.640601333333331
4192,0.649273333333346
1733,0.40309849999999725
6606,0.6524176666666511
4396,0.7712208333333517
11758,0.5572764999999821
14528,0.411884166666663
246,0.39316966666666964
9224,0.7299133333333387
13117,0.8664799999999994
10546,0.18582250000000605
3343,0.7019536666666714
3937,0.72967683333333
10597,0.7642718333333328
4060,0.7474376666666822
2795,0.7541180000000095
6618,0.6379716666666757
2306,0.6346503333333283
10466,0.7659634999999947
3777,0.7089789999999622
10534,0.7488134999999978
733,0.3940456666666581
9343,0.6852078333333371
3470,0.4920785000000039
6382,0.6865994999999889
4696,0.6842093333333295
11009,0.7728178333333281
11625,0.7032338333333636
2978,0.8170378333333392
7911,0.7531221666666856
1826,0.10574233333333546
3798,0.6761183333333408
7320,0.6661103333333288
12357,0.4059039999999956
3165,0.6579239999999931
3334,0.744718999999994
1848,0.81413850000001
14695,0.39276516666665784
3995,0.49915350000000097
8294,0.627999666666671
10297,0.599653166666665
11065,0.563827333333337
1345,0.7626839999999904
847,0.7920511666666763
3288,0.7662553333333323
12367,0.4096004999999988
5239,0.6151436666666805
3818,0.31471499999999064
9414,0.65715816666668
5959,0.6933893333333293
13861,0.8320185000000094
9163,0.6570094999999962
1446,0.41603233333333994
7135,0.5867125000000105
6176,0.5762163333333354
1690,0.6465453333333423
8590,0.5370266666666771
617,0.8301836666666803
6171,0.7593724999999881
8177,0.2224986666666741
926,0.8027784999999853
5031,0.5586616666666624
8163,0.7425886666666687
9700,0.6820324999999602
3509,0.7711630000000058
14411,0.7432256666666586
7484,0.6861336666666957
196,0.29543533333330135
11812,0.6927248333333536
753,0.4126506666666715
6507,0.7923070000000083
12708,0.10306950000000265
6674,0.7954866666666666
4205,0.7027664999999962
13482,0.6815575000000422
13122,0.7287449999999659
7021,0.697299999999992
10762,0.8544304999999961
14701,0.4985065000000029
14700,0.723905333333342
11813,0.661487833333334
6988,0.722039999999991
4918,0.6912451666666907
8916,0.7081513333333327
8027,0.5987558333333438
11312,0.8275091666666764
3294,0.6778739999999944
8824,0.7571735000000008
1297,0.414194000000001
12555,0.09915966666666796
10220,0.6509286666666746
3763,0.8305599999999908
3160,0.5506901666666587
13786,0.5880098333333245
12334,0.10855866666666801
5421,0.7287443333333444
5902,0.7488763333333388
12768,0.10125483333333422
3533,0.5985510000000077
14206,0.8259304999999985
8328,0.7163210000000113
10362,0.6526505000000096
9863,0.7772166666666624
3676,0.5350006666666615
3803,0.7327713333333268
9191,0.689108333333351
3423,0.5542399999999771
9839,0.4919563333333278
6180,0.49566900000001846
1698,0.10853400000000009
3469,0.757152833333324
6699,0.6617486666666852
12724,0.4160088333333189
12058,0.4023531666666717
11641,0.4309735000000018
14134,0.6884951666666271
8922,0.7279768333333375
4765,0.6959615000000011
1310,0.8195625000000116
4947,0.7340893333333168
8287,0.4246235000000109
11482,0.7262841666666856
6314,0.6501804999999908
6393,0.7182315000000242
8149,0.5557528333333406
4800,0.7840646666666637
13784,0.34077999999999414
6514,0.740005166666675
7431,0.6606544999999817
2983,0.715569333333345
3475,0.7159208333333419
6820,0.735364499999999
5873,0.716397333333349
12990,0.7554538333333345
2500,0.5514618333333505
8766,0.7345421666666665
12981,0.6809178333333122
5438,0.7426190000000041
13857,0.6961186666667033
11264,0.6235396666667242
3201,0.7453003333333331
2627,0.5447831666666775
165,0.10373850000000426
10858,0.6689063333333483
3022,0.6416043333333142
6155,0.46087766666667984
14965,0.3938509999999868
14748,0.4109541666666601
1449,0.420580833333334
14587,0.5108943333333144
5646,0.7368810000000034
4509,0.5204418333333319
1551,0.39502266666667657
12493,0.10134316666666705
9665,0.6699951666666626
2639,0.7835101666666487
3752,0.6566218333333145
5196,0.6761674999999956
762,0.4059864999999987
12500,0.8483733333333014
8273,0.5582491666666669
7835,0.7275753333333395
5625,0.6715615000000072
14136,0.5953530000000099
12635,0.42481166666667614
6283,0.7900934999999988
2867,0.7877793333333346
12253,0.8594254999999974
2182,0.5526058333333296
9915,0.3874151666666609
10679,0.6682639999999912
3286,0.7142400000000119
1876,0.09506700000000474
12101,0.3971174999999891
11921,0.6231733333333207
7454,0.6816216666666688
8018,0.7091901666666749
14733,0.10182583333332881
10943,0.7742860000000025
14838,0.40916183333333067
11834,0.5201671666666807
5375,0.742421833333335
10953,0.691159333333306
2834,0.32349066666666937
9185,0.8430718333333511
8510,0.7287895000000145
14291,0.4218151666666734
10431,0.5699530000000119
13632,0.7588416666667118
1477,0.4076315000000088
10944,0.6060213333333355
5381,0.7038545000000163
12532,0.10813866666666944
5227,0.6511814999999834
14711,0.8429843333333092
6150,0.7470385000000047
14214,0.7970508333333335
2760,0.5828755000000198
7110,0.7333461666666782
11160,0.7194183333332766
7333,0.7062853333333202
10368,0.6890748333333366
5101,0.7164503333333422
3773,0.6473688333333445
8239,0.7529963333333319
5174,0.7566279999999904
11964,0.7353306666666808
6764,0.7941781666666419
7893,0.5627135000000067
1053,0.14145766666666773
1299,0.7623016666667092
5366,0.6807998333333257
4008,0.6781995000000184
10479,0.5206233333333401
1946,0.38449833333332506
10376,0.7737381666666648
6140,0.7243009999999798
5412,0.3109811666666668
4083,0.5643408333333406
13617,0.7288973333333347
9464,0.7554988333333325
9279,0.6364778333333534
14520,0.1009550000000016
4783,0.611546166666682
13635,0.6884033333333253
6458,0.6913473333333301
6454,0.7598434999999973
1514,0.7256049999999986
1437,0.41253099999999365
14762,0.8301425000000128
6269,0.6992765000000157
9295,0.46295600000000886
11419,0.679895000000027
6572,0.44987333333333535
5785,0.5368369999999889
11293,0.7143025000000122
12259,0.10488450000000117
12788,0.7259653333333304
12482,0.7823456666666869
12535,0.4019340000000015
2431,0.6534488333333113
4288,0.7319738333333342
6115,0.743695499999992
4768,0.6248358333333197
1779,0.3937121666666559
3356,0.7521965000000106
6023,0.5161459999999911
9662,0.5452734999999916
6271,0.5858751666666465
10763,0.3804916666666567
5884,0.7356369999999971
5020,0.8284088333333064
5175,0.676965833333351
14693,0.7531418333333856
819,0.39044666666667
11983,0.6622256666666599
5216,0.6007308333333252
14778,0.0966568333333355
10016,0.6050046666666531
10447,0.7971106666666686
3062,0.581860666666693
12391,0.4021060000000134
8609,0.6535723333333316
3897,0.7162280000000073
14590,0.7879383333333025
12511,0.5352370000000288
5592,0.6534291666666606
10348,0.4899671666666644
9286,0.6885983333333312
2063,0.7100344999999979
8955,0.7358375000000065
10666,0.7655513333333585
10716,0.7996771666666551
5268,0.7111526666666643
6653,0.8144260000000002
12837,0.3055476666666574
12077,0.4113053333333418
10381,0.4583621666666652
14160,0.6612620000000068
3629,0.3717724999999929
11245,0.7058898333333562
690,0.4140758333333292
2147,0.6148980000000113
12298,0.40644216666667876
6251,0.7555318333333482
524,0.7959414999999693
13762,0.7727198333333405
2719,0.7909971666666598
14389,0.413764499999991
222,0.3967711666666533
11102,0.759736833333349
7451,0.6888880000000146
6146,0.5802821666666476
8610,0.7768264999999974
4371,0.4531128333333537
355,0.4210920000000008
12060,0.8270798333332918
3048,0.4622614999999942
10233,0.7703708333333308
14189,0.6357309999999969
13574,0.6358038333333501
14299,0.4257444999999967
4499,0.535276166666669
7470,0.6088501666666896
13269,0.7267048333333292
3824,0.7640281666666636
822,0.4118721666666696
198,0.09866149999999851
12742,0.4142001666666669
6526,0.7936054999999937
13859,0.27394749999998963
3890,0.5422014999999778
1401,0.10996116666666875
1302,0.10452400000000299
7639,0.600713833333332
10182,0.4224901666666611
8220,0.6977251666666824
9040,0.7415033333333378
4853,0.6688488333333413
8896,0.7533278333333389
4440,0.56878650000001
3150,0.6935786666666542
14989,0.4179438333333127
14886,0.39559500000000436
8178,0.6799270000000031
6016,0.5160393333333285
3249,0.44866566666666835
6740,0.6981338333333351
2811,0.7443346666666533
2852,0.7264420000000009
14479,0.3911158333333304
12453,0.4031733333333419
12382,0.4092626666666683
2512,0.6579775000000042
12471,0.41629583333333525
9259,0.748421500000008
2823,0.7137126666666691
3924,0.6949246666666758
9208,0.7565756666666543
12538,0.851187833333368
14372,0.8670073333333671
9879,0.48431083333333647
8636,0.787032333333311
11206,0.731521000000022
9269,0.7124438333333319
13485,0.5200831666666995
1256,0.42043733333333366
14499,0.8469644999999782
9659,0.6555626666666782
227,0.4316393333333389
7163,0.7430549999999856
3860,0.6707051666666615
2057,0.7192359999999879
13878,0.6610846666666688
11310,0.768638166666678
11835,0.4947290000000021
2716,0.6748806666666508
13171,0.742277333333346
11789,0.7116293333333342
14667,0.8290633333333275
6632,0.7154946666666694
1056,0.4167518333333291
2289,0.4980099999999994
10089,0.7827010000000141
4268,0.7626231666666654
11656,0.7461631666666807
1753,0.8355555000000284
11979,0.670547666666677
6033,0.5612846666666642
3224,0.767238666666662
2206,0.4177504999999954
3867,0.659431833333357
7988,0.7851010000000089
1231,0.0976033333333308
11866,0.7195499999999937
11,0.10935216666666832
8105,0.7266728333333381
13706,0.6797916666666194
1224,0.1036283333333357
878,0.4018023333333288
9819,0.7313368333333424
10879,0.7384236666666564
7433,0.24623450000000202
3482,0.742384999999998
12162,0.4242578333333254
3663,0.5984976666666748
7306,0.6352383333333462
3704,0.560956499999979
8043,0.7509833333333427
13146,0.7087913333333418
5061,0.7280668333333346
7633,0.712429166666658
5978,0.7236573333333579
14716,0.10814833333333178
7571,0.6502768333333245
14603,0.8458219999999944
2355,0.7300858333333355
9540,0.7027839999999884
6794,0.7218860000000131
13385,0.5217111666666545
13276,0.5404744999999987
14255,0.10122366666666913
14938,0.8596596666666769
5371,0.6463791666666743
7314,0.7354648333333232
6562,0.7054903333333485
1008,0.730568000000006
11914,0.6842639999999993
1575,0.4876591666666992
683,0.6990706666666313
4412,0.6449958333333411
10519,0.7036619999999913
14718,0.374538166666661
3198,0.720743833333328
10976,0.7055128333333321
7782,0.39271816666665593
2034,0.8184233333333223
13923,0.7320151666666548
12666,0.39873483333332205
14141,0.6740226666666288
5014,0.6905653333333522
8518,0.7439196666666635
11889,0.4954674999999846
36,0.41604883333332765
11150,0.5208771666666523
8599,0.5462459999999834
856,0.10397000000000173
7467,0.6903319999999876
1974,0.42135116666665945
8732,0.7445994999999895
12914,0.6975636666666757
442,0.7714551666666576
8470,0.704095333333347
10418,0.7024981666666451
6689,0.7906075000000184
14498,0.1031843333333387
3608,0.7902159999999752
4075,0.8008058333333661
7739,0.7415523333333428
11079,0.6675346666666463
13019,0.42503616666665894
11120,0.3883518333333429
1699,0.3935499999999939
6678,0.738349000000005
6470,0.471946500000007
1368,0.42498516666667424
3679,0.8155423333333282
2351,0.7030234999999979
7803,0.5107559999999997
12046,0.40170350000000615
12295,0.3938250000000127
3882,0.6321236666666716
325,0.41373700000000946
1204,0.4101490000000112
7906,0.7164410000000104
4005,0.6791696666666378
12614,0.09173600000000447
657,0.4272448333333427
4125,0.6729926666666955
2348,0.7423005000000107
13738,0.7001098333333517
1289,0.3936161666666593
9635,0.647198000000001
10526,0.5462311666666639
9654,0.7084911666666642
703,0.3847705000000285
14401,0.0962271666666704
1676,0.09949049999999858
3328,0.7156706666666843
8805,0.7800133333333406
5849,0.6193761666666693
7521,0.7214101666666709
5739,0.6686780000000002
3896,0.7326511666666493
13662,0.7158766666666689
3029,0.7568175000000045
4346,0.5399751666666707
6201,0.669061833333347
14796,0.4081473333333241
83,0.8218898333333454
1082,0.7629271666666732
9039,0.42646383333334126
14197,0.5712896666666553
12055,0.3846100000000018
6331,0.49502500000000516
7254,0.7126853333333252
12851,0.7762456666666503
12495,0.8325561666666671
9287,0.645884333333337
7615,0.5179359999999957
5550,0.39596083333332627
7886,0.7083341666666763
14786,0.4084660000000013
11216,0.5319538333332948
2365,0.7490001666666695
852,0.7581126666666722
5809,0.6977258333333427
1486,0.09567099999999663
5580,0.6568121666666698
13730,0.7104458333333279
9074,0.7977194999999855
6711,0.7277839999999943
1945,0.7114773333332894
319,0.41648600000000474
12057,0.10202950000000297
13282,0.772407833333346
7858,0.7657824999999948
5052,0.7176731666666637
12280,0.09413683333334162
11318,0.7632154999999884
5772,0.5432076666666389
1251,0.4120224999999882
4781,0.7329224999999832
439,0.40048199999999345
10193,0.502448166666657
714,0.39584433333333535
6739,0.7198321666666575
1643,0.11264699999999912
11797,0.8473333333333418
4715,0.764918500000009
7442,0.5468681666666766
2116,0.5673723333333227
9758,0.7574021666666434
6979,0.6930976666666908
13070,0.7123221666666582
2871,0.8322291666666738
7244,0.1641075000000106
1380,0.7915324999999951
10493,0.6915325000000243
11655,0.6911866666666745
13483,0.6608616666666594
880,0.6353271666666785
1041,0.8038333333333304
1840,0.10078683333333381
9137,0.7482555000000058
6790,0.7488615000000023
7344,0.486559999999993
1167,0.40990316666666915
204,0.8083021666666333
8551,0.755748333333345
6384,0.48856933333332947
3821,0.6468203333333453
10889,0.6980813333333532
14164,0.6488660000000119
7480,0.5754386666666788
14713,0.10851549999999795
11401,0.7785875000000054
10909,0.8553888333333407
11653,0.728443666666668
11210,0.5984231666667028
309,0.10171700000000175
401,0.8677896666666408
13596,0.6531925000000104
14433,0.3869193333333207
3031,0.7232890000000117
4467,0.7074846666666672
4518,0.7861706666666801
2971,0.6953756666666581
3983,0.752771333333321
11094,0.7165924999999908
2296,0.5056889999999926
10276,0.6551566666666678
13466,0.8225208333332942
2671,0.7318814999999816
2736,0.6251828333333252
10718,0.8064373333333501
5136,0.6659726666666764
9019,0.3564795000000019
8850,0.638109499999994
2488,0.7143445000000122
4650,0.7506466666666824
3155,0.7491209999999998
5401,0.5482298333333335
12558,0.4217778333333326
4548,0.6927178333333381
3447,0.7501005000000072
11397,0.6513381666666598
13199,0.5352156666666678
10132,0.512870499999985
5734,0.6237760000000111
7331,0.6491846666666878
13726,0.8001453333333075
7114,0.8015066666666741
12565,0.6922333333332954
11698,0.6956038333333163
5545,0.6501841666666649
14576,0.8710293333333005
328,0.10215716666666738
2847,0.7724261666666579
14545,0.1069391666666676
13775,0.6960768333332932
9837,0.7600063333333167
13102,0.7119186666666668
13639,0.7278424999999892
2800,0.6341543333333529
7932,0.7169886666666648
7897,0.7319653333333557
13834,0.5370006666666506
8856,0.6085183333333299
4873,0.7130569999999982
73,0.08886616666666657
2394,0.7159106666666606
13548,0.5578423333333616
7414,0.4375191666666617
4142,0.5861236666666592
66,0.4036246666666654
4165,0.7439301666666496
665,0.8434578333333151
830,0.8221944999999957
3258,0.7009276666666874
2799,0.6910345000000163
10120,0.7097996666666727
7852,0.6299881666666735
1405,0.4284329999999978
2438,0.7738298333333367
1951,0.5954763333333167
6659,0.3801705000000101
1880,0.8191873333333426
14754,0.8235236666666875
6167,0.7646059999999877
11969,0.6369841666666336
12814,0.633928833333347
7489,0.6725615000000047
13402,0.6652433333333471
7695,0.7832645000000118
10709,0.6572041666666989
9327,0.7593541666666476
5312,0.7312945000000112
6371,0.7202903333333304
12595,0.24410016666665968
4404,0.6813323333333577
5643,0.789871166666686
1306,0.09764683333333532
5036,0.7409650000000042
10457,0.7307688333333372
2338,0.7850369999999859
4827,0.702726000000012
9512,0.6363878333333343
9842,0.5035120000000062
10329,0.7843661666666738
7711,0.8123564999999914
6300,0.6498111666666555
6884,0.45031416666667057
11420,0.6130425000000173
2740,0.3607485000000065
3916,0.7895081666666584
5872,0.675993333333347
562,0.41586083333333396
14330,0.3999254999999845
352,0.7960664999999898
6682,0.49466549999998527
5957,0.7665083333333274
10614,0.7977183333333377
11621,0.7968111666666708
12010,0.4123708333333313
12792,0.6851599999999957
11182,0.6121696666666616
6460,0.6819728333333375
12652,0.10062033333333917
11984,0.6329011666666485
4511,0.6148646666666818
12872,0.5613773333333264
6383,0.6156611666666753
2996,0.6957725000000153
8146,0.768705833333331
5517,0.7009390000000041
13442,0.6700989999999659
778,0.09567950000000072
2902,0.7312791666666626
8952,0.6533709999999928
11515,0.8056688333333124
11062,0.7329225000000388
4195,0.6603919999999769
7301,0.7140278333333385
10258,0.4917896666666848
3541,0.7150240000000135
7963,0.3820946666666817
9497,0.461168666666651
6039,0.6421958333333176
8717,0.48337183333333533
7979,0.6189193333333367
12884,0.6348881666667119
14759,0.6820909999999979
14187,0.7566624999999944
5265,0.7430474999999999
814,0.1011378333333339
5940,0.7299186666666528
5272,0.7130823333333489
14896,0.7933774999999942
7611,0.5732369999999913
14850,0.4199398333333026
6366,0.6999236666666743
4243,0.3653281666666769
9144,0.7262265000000223
1903,0.8068329999999869
1199,0.36777416666665386
4578,0.7601814999999994
12636,0.4113016666666802
13271,0.7154776666666701
13401,0.517062666666675
12475,0.44716466666665244
9423,0.7425358333333419
13710,0.7466951666666617
7962,0.711258666666671
9932,0.36340400000001344
11876,0.5743904999999914
5189,0.8574548333333447
11493,0.707270000000005
9076,0.6849804999999742
5740,0.6620711666666648
7094,0.7537853333333252
7753,0.6065535000000052
12923,0.837673333333344
8215,0.7119511666666728
1644,0.8662766666666726
14824,0.8260836666666573
7535,0.7348125000000023
5984,0.689153166666662
1121,0.42494283333333305
3230,0.4601645000000054
4226,0.7352501666666984
9703,0.46290833333332154
6261,0.7991238333333185
4017,0.7699701666666695
2231,0.6584818333333532
1655,0.10425566666666769
11098,0.7224460000000178
13335,0.5297921666666793
8442,0.7208535000000101
8540,0.7796404999999934
4539,0.6839045000000081
13927,0.6761138333333232
1365,0.10635183333333431
5075,0.6527108333333286
9498,0.5400719999999984
12262,0.42207250000002056
10581,0.734002999999996
2943,0.6598216666666904
7716,0.7313435000000045
6262,0.7190501666666427
3801,0.53228300000002
6986,0.6326598333333352
465,0.39670916666666967
3238,0.7776549999999911
4291,0.8164846666666659
13559,0.6437561666666541
11867,0.7051613333333359
6768,0.7647779999999917
12312,0.40125899999998904
10965,0.6730108333333145
1175,0.4588244999999947
8012,0.6686086666666616
13633,0.6836903333333282
14406,0.09987800000000262
5948,0.748026
7367,0.6016558333333372
3015,0.4910843333333311
5026,0.6129266666666847
8219,0.6543551666666686
6071,0.6834254999999977
5926,0.5576004999999962
11518,0.7592226666666807
4091,0.6877864999999999
13059,0.6531801666666711
8775,0.6123585000000095
10396,0.7945256666666612
8268,0.7293914999999809
651,0.10227933333333569
1856,0.10377683333333627
7430,0.4613321666666758
13805,0.7555321666666912
498,0.42395366666666123
12836,0.6509276666666679
8927,0.733279833333344
10359,0.728291833333347
6887,0.43503616666667094
7210,0.505364666666662
2537,0.728258166666679
7104,0.7712616666666472
12299,0.785038833333321
5588,0.6894830000000092
11696,0.7572559999999948
419,0.8193956666666699
3231,0.638830166666683
14007,0.653025333333321
124,0.4063754999999985
5156,0.4445446666666608
2560,0.7398201666666627
8353,0.7283123333333269
396,0.43975883333334126
1412,0.41587449999997844
4471,0.7358870000000024
14315,0.4087923333333279
1668,0.814429833333336
11023,0.7505951666666585
4417,0.7273326666666776
9168,0.7097325000000034
10609,0.774545500000051
12674,0.41651533333333873
2091,0.44224933333334343
8743,0.7499473333333031
8198,0.6931305000000046
3375,0.6878551666666638
1886,0.09731683333333448
11908,0.5377843333333389
2596,0.7470166666666748
10689,0.7232960000000054
7016,0.42538183333332996
8726,0.7162016666666735
10,0.4051833333333415
8521,0.6677231666666756
14801,0.4143770000000049
10354,0.5650111666666641
7342,0.6861284999999985
6056,0.5348673333333207
3424,0.795915166666676
9082,0.7291136666666621
12432,0.4066740000000079
10393,0.6970101666666656
6992,0.6945536666666973
4536,0.43730416666667415
14427,0.37571283333332917
12398,0.8354649999999971
8253,0.5592176666666724
13636,0.7429300000000161
92,0.39409966666667395
1360,0.2116885000000043
4834,0.7025175000000168
537,0.41322199999999104
65,0.7253951666666673
12934,0.6750548333333408
6233,0.7134876666666646
10618,0.7193880000000007
8341,0.7748469999999951
6431,0.6554490000000144
11369,0.7938463333333348
12622,0.29254183333335515
13686,0.7486416666666534
11122,0.6729063333333443
1182,0.8624413333333485
3947,0.7799116666666662
2455,0.7552313333333388
11027,0.7003409999999931
2326,0.6898156666666593
14374,0.83318000000004
8525,0.3372718333333231
13031,0.5408395000000327
28,0.4104249999999951
8835,0.698535833333343
6556,0.5888740000000094
14611,0.8180758333333333
11100,0.7928165000000076
14006,0.793977833333332
9745,0.6688058333333389
5989,0.5628644999999972
2318,0.7694055000000074
6468,0.7816708333333435
8004,0.7084613333333236
10987,0.6463025000000374
1736,0.09541749999999861
12024,0.39078250000001996
12897,0.716050666666702
10520,0.7458700000000084
766,0.7177524999999642
14752,0.815547000000009
727,0.42675249999999576
557,0.4255946666666384
2932,0.488040666666656
12534,0.7518079999999955
7191,0.6834826666666848
193,0.09524783333333312
3841,0.7050573333333437
4039,0.68527233333333
11214,0.6962439999999925
10677,0.4809153333333479
5074,0.574295833333337
11331,0.7138783333333243
7609,0.7780216666666424
5313,0.7362856666666812
1510,0.8262741666666592
11037,0.6577453333333348
13398,0.6946705000000232
2170,0.737603499999997
12624,0.4208086666666486
9268,0.429552166666667
13162,0.48079816666667313
4402,0.7905513333333634
4038,0.7128946666666496
13869,0.5249816666666677
4071,0.6753055000000114
1821,0.09821566666666684
848,0.10414733333333304
7740,0.687385333333342
13186,0.7744285000000036
496,0.10010000000000122
13879,0.7098993333333226
3383,0.7088268333333277
1541,0.4938869999999982
13033,0.7882966666666621
4972,0.7150983333333426
74,0.10029133333333554
1564,0.6469078333333482
3018,0.8176963333333251
11618,0.7448924999999993
11959,0.7103333333333194
5051,0.714227666666656
4362,0.6671881666666523
6814,0.8192754999999848
12861,0.7101963333333265
10684,0.4881458333333334
12260,0.4230280000000112
7565,0.7202764999999886
9130,0.7336330000000142
7267,0.47090183333331515
7243,0.7657816666666575
3884,0.6126065000000067
2652,0.7194273333333452
14537,0.39799699999999516
11708,0.41878550000000797
7091,0.6338946666666728
9741,0.6503056666666335
806,0.4063956666666582
7332,0.6878561666666869
10777,0.6339296666667031
5789,0.5776051666666606
8241,0.6620005000000022
9416,0.6722151666666819
9309,0.7312314999999967
226,0.41390666666667364
8508,0.7733664999999919
11609,0.8142348333332764
4585,0.7193523333333274
5178,0.7235028333333487
4954,0.7168604999999966
2598,0.6166698333333286
14024,0.6652641666666673
8059,0.6010890000000038
11144,0.7541530000000141
1013,0.10092566666666769
9107,0.7342088333333351
6376,0.6902968333333167
1791,0.10419883333333176
9850,0.7423193333333344
2765,0.733017166666685
4640,0.6818969999999996
9244,0.38381016666666556
13252,0.6393446666667072
14539,0.10045583333333355
3530,0.7659333333333195
6162,0.5725571666666688
4821,0.7314033333333262
6521,0.7045990000000038
6081,0.42941533333333937
9709,0.695538500000004
6361,0.7568724999999821
334,0.10771533333333425
2268,0.29663116666666534
12408,0.8669423333333487
2801,0.5346963333333445
2235,0.34724149999999965
8860,0.7387328333333412
11666,0.7099228333333433
12040,0.8242698333333217
11732,0.4902761666666527
9342,0.6701685000000006
2128,0.7534256666666753
3761,0.7776676666666477
3832,0.6474476666666955
522,0.10146899999999356
14794,0.4208846666666594
1813,0.18694783333334405
13647,0.7534904999999598
10848,0.5894636666666768
743,0.10712833333333786
10788,0.7127380000000094
5674,0.7745339999999845
14647,0.1002495000000005
110,0.39031099999997537
4913,0.6933684999999958
4550,0.5178280000000035
4872,0.6322924999999977
1612,0.7005791666666751
9752,0.7372656666666622
11177,0.7142698333333536
14953,0.39434366666666554
2890,0.700858333333327
697,0.10680650000000338
10399,0.7660866666666886
90,0.4131178333333455
14705,0.8453511666666574
9725,0.7505329999999998
4085,0.6827821666666714
857,0.10176733333333336
3855,0.6471246666666429
13081,0.6903778333333668
3552,0.6766046666666758
8877,0.6061910000000004
14573,0.3961048333333297
5943,0.7060401666666641
3723,0.5801130000000122
12883,0.8258831666666571
634,0.7944761666666346
14622,0.8468678333333362
8413,0.6887543333333733
12698,0.4189531666666496
13044,0.8151913333333055
13038,0.7275865000000291
12830,0.3189953333333243
2151,0.6897793333333236
7219,0.6663096666666515
9021,0.5064599999999957
9150,0.7071256666666806
3886,0.744009666666683
5669,0.6382891666666642
5368,0.7718708333333197
5678,0.45460649999999386
6029,0.685076500000013
68,0.82597816666663
5686,0.6923736666666602
14685,0.8129085000000201
14887,0.4311611666666546
6920,0.6805743333333206
2181,0.7485079999999977
7214,0.720755666666668
6422,0.7424401666666792
3282,0.7499106666666673
5090,0.6860448333333434
6710,0.6855074999999979
4055,0.7580154999999963
11570,0.8188878333333175
14568,0.4017296666666751
11390,0.7141413333333377
10735,0.6091474999999998
7813,0.7481256666666768
10446,0.7438784999999886
8994,0.6324473333333268
13425,0.6979904999999884
8529,0.5438758333333319
9919,0.7207720000000114
7362,0.296169833333335
4176,0.7385751666666467
3117,0.7269908333333395
13130,0.5085128333333528
2557,0.7658795000000065
13646,0.6750433333333338
10260,0.7833003333333382
1124,0.40126799999999774
3944,0.6550974999999908
12250,0.8057278333333141
14061,0.5508143333333488
7894,0.6528426666666709
5082,0.45643350000000826
1198,0.10069600000000033
11999,0.6356886666666599
10912,0.6383308333332908
7027,0.6993245000000016
2919,0.7537873333333271
231,0.8311248333333106
4289,0.4785848333333336
11857,0.7661954999999964
5598,0.7376779999999801
7379,0.7033881666666513
1101,0.09665749999999709
6558,0.7045775000000003
11207,0.6204485000000121
589,0.39283500000000604
9689,0.33516683333334324
4080,0.7475590000000119
10409,0.7318594999999957
6815,0.6992583333332992
4920,0.6908916666666766
230,0.40524116666666904
9751,0.6641141666666794
7361,0.799664000000017
12444,0.3917113333333353
7458,0.723615499999999
8406,0.668849833333331
5336,0.7224443333333366
11902,0.8256178333333049
10822,0.7754335000000036
8057,0.6479706666666842
9880,0.7239701666666631
1330,0.4121263333333361
4399,0.7127763333333423
135,0.33612583333333046
6513,0.6797356666666368
3741,0.5610024999999803
7697,0.6785633333333442
14577,0.09969900000000015
4475,0.7425690000000016
984,0.7557426666666575
6965,0.3970616666666667
4839,0.706148333333328
4087,0.707496166666669
10443,0.6726573333333403
11571,0.7228843333333036
4137,0.7162531666666535
9570,0.6200059999999973
705,0.40182116666666706
4204,0.7485843333333294
9722,0.7498299999999956
5510,0.7248140000000141
4991,0.5370201666666786
6473,0.7486393333333349
6961,0.7293343333333455
14228,0.7912878333333633
7928,0.4228331666666555
12459,0.4134390000000096
4865,0.693471166666657
4760,0.5699951666666668
13300,0.6844738333333279
10647,0.6852933333333299
2106,0.7275905000000147
13526,0.7633429999999879
12009,0.3890366666666667
6275,0.8050605000000046
713,0.8325106666666723
14729,0.42900783333332243
2117,0.7261901666666842
2904,0.7943955000000061
8014,0.7782298333333411
981,0.3992263333333466
11314,0.6935058333333572
11547,0.5754635000000007
9581,0.6926654999999846
7238,0.6443349999999816
5346,0.6675823333333265
2177,0.6554943333333431
4798,0.5071139999999947
1197,0.8295923333333247
3905,0.6745900000000382
13754,0.8016011666666759
8377,0.49428166666666484
12689,0.8485723333333346
1649,0.4157504999999958
3745,0.7341000000000087
2540,0.6381118333333218
1816,0.4037494999999934
2167,0.6986028333333493
12871,0.6958994999999941
8243,0.6690743333333535
8179,0.5836814999999949
13489,0.6316183333333164
5929,0.5513936666666737
12798,0.7459731666666576
4599,0.4944045000000086
14674,0.8106731666666718
6438,0.7111211666666583
13458,0.4986556666666556
11695,0.7641486666666669
9619,0.6875815000000081
10151,0.7475316666666545
12504,0.7273818333333405
10510,0.7252098333333246
13093,0.6946370000000102
158,0.39826016666665853
9924,0.7372514999999973
11058,0.728770833333329
4411,0.46562650000000566
6409,0.5542361666666754
8584,0.680745833333346
5428,0.4563066666666586
6435,0.7329876666666719
13119,0.5155141666666782
5859,0.6037005000000427
2378,0.7089978333333344
11601,0.656546333333363
10994,0.6897016666666667
1153,0.10378533333333359
2984,0.7106159999999923
8504,0.7161193333333301
4604,0.7903405000000101
12782,0.858200000000003
12313,0.40547733333333613
8000,0.7498483333333321
9648,0.5890416666666722
2478,0.7083321666666684
1673,0.8343736666666676
1814,0.788715166666667
4461,0.7128838333333295
8758,0.5103288333333634
6877,0.7415770000000027
12318,0.10832983333333429
4016,0.767391333333333
12736,0.8245341666666107
3907,0.760045166666678
6419,0.4090458333333277
8029,0.5076165000000031
8486,0.7106705000000019
9649,0.6917343333333461
5662,0.5662395000000027
3043,0.547347999999997
10625,0.6293811666666635
12022,0.10383766666666243
2211,0.6892473333333378
10032,0.4403908333333279
6974,0.6456466666666658
9153,0.5007920000000025
13220,0.7623983333333316
6683,0.6161664999999821
3033,0.7199536666666745
10225,0.7372403333333309
8302,0.5874398333333194
10991,0.6197316666666884
5155,0.701250999999992
10513,0.724092833333325
7694,0.6907899999999916
2665,0.712644499999993
1059,0.626901833333341
2334,0.7139708333333314
14923,0.4349624999999994
10638,0.7406641666666295
11754,0.6083386666666334
7618,0.6837641666666554
14366,0.11068650000000554
4462,0.6888728333333388
1533,0.424233499999998
1804,0.4084758333333312
12266,0.10627216666666799
12120,0.4161360000000066
5386,0.47574483333331574
11445,0.6450468333333598
13373,0.7836913333333714
6124,0.6968723333333257
13584,0.5818264999999994
3430,0.7060260000000012
6901,0.61512049999999
5718,0.7136654999999968
645,0.3969883333333346
2995,0.7103269999999843
9633,0.4287918333333299
14166,0.6634668333333212
8647,0.7343413333333215
11510,0.5905556666666693
698,0.42741416666664056
5695,0.5873673333333526
7130,0.6869994999999914
5938,0.7289145000000068
10931,0.712179833333346
3567,0.7763293333333422
9242,0.7103871666666858
12116,0.7144258333333182
2400,0.5594524999999958
3529,0.2108006666666689
8235,0.7060903333333275
8100,0.7323603333333422
10203,0.6715353333333413
11316,0.7215834999999688
2880,0.7630436666666565
4175,0.6378125000000076
3602,0.7958828333333197
4733,0.6548464999999986
14617,0.8364045000000154
4806,0.7058628333333512
1462,0.4048848333333365
6718,0.710141833333315
2909,0.7072213333333475
13328,0.6371454999999927
8451,0.5829853333333653
10612,0.613950000000006
11323,0.7770814999999809
1025,0.4203686666666629
14795,0.4177265000000028
13436,0.721706333333361
11831,0.8013064999999903
184,0.413729833333332
14529,0.10053616666666743
3575,0.5235144999999897
8473,0.6634968333333312
4111,0.5140383333333214
3069,0.6650326666666503
11880,0.7782923333333484
5321,0.6377370000000104
6172,0.6103033333333328
11953,0.6478626666666789
11201,0.6035655000000061
5079,0.7632889999999949
7043,0.6823586666666495
2452,0.5296851666666651
13187,0.6946136666666668
1177,0.7041706666666497
12283,0.10395066666666579
11132,0.499297166666657
7124,0.6615800000000135
10267,0.416636333333326
13077,0.6896489999999903
12257,0.4187615000000085
7657,0.6856303333333312
3244,0.6802704999999832
9767,0.7137211666666696
13644,0.6061838333333146
8614,0.676971000000005
11674,0.7629001666666719
5752,0.7039116666666609
5713,0.714315166666674
9432,0.5471938333333397
10453,0.8376681666666642
8433,0.706781333333328
5915,0.72660950000001
14086,0.4069805000000066
13616,0.6306408333333388
13722,0.6304951666666578
5551,0.7569636666666639
4229,0.6779023333333279
13145,0.6936543333333469
133,0.4162869999999909
9824,0.46918149999999353
12716,0.38496966666668453
7253,0.7504930000000116
3683,0.6921541666666672
2094,0.4195673333333319
1617,0.8111925000000391
13386,0.5205399999999778
9991,0.5417549999999964
10810,0.7499694999999887
1418,0.09327616666666752
4885,0.7271065000000054
5852,0.6116291666666576
12227,0.4160040000000046
13575,0.8262030000000147
6154,0.6897856666666778
12200,0.7983928333333221
14598,0.09768583333333303
12214,0.4026599999999986
7773,0.5052165000000044
8670,0.5214659999999924
9181,0.7772853333333254
3121,0.6945450000000108
7373,0.46534383333333973
10152,0.7756173333333284
2648,0.744701666666663
7601,0.5678423333333428
13860,0.81290816666667
5571,0.6684715000000025
3938,0.6918540000000057
14287,0.09856883333333408
12421,0.0998488333333324
13156,0.37838099999999225
5369,0.6949265000000041
4535,0.763698999999994
13514,0.6284571666666893
6823,0.7154096666666839
10734,0.7277706666666549
10482,0.6898631666666631
5701,0.5528083333333325
2442,0.6977693333333447
5484,0.7668161666666573
635,0.42432483333334325
88,0.4188965000000096
9020,0.7899631666666568
6297,0.7272466666666634
5729,0.7193296666666616
12714,0.4071666666666694
6500,0.4799100000000069
1637,0.10559000000000396
5476,0.7635211666666778
6918,0.7249661666666815
820,0.1011743333333327
8753,0.3929594999999934
8002,0.44790733333332766
2471,0.6519639999999964
3604,0.5899896666666556
7192,0.7491113333333399
1906,0.31886166666667787
4072,0.7075496666666874
14452,0.41276399999999347
3506,0.5630911666666495
3918,0.5689810000000023
291,0.8378335000000138
4272,0.6568534999999929
7871,0.8070198333332952
13118,0.3311201666666721
6580,0.740733166666681
12907,0.8030426666666678
13294,0.7580328333333268
4971,0.7954859999999859
2248,0.7296093333333271
2135,0.7010363333333228
6639,0.7266386666666707
4363,0.660387833333305
12003,0.7952663333333397
10562,0.44940249999998527
13175,0.5556416666666923
8011,0.7604409999999995
14303,0.4061799999999917
1098,0.3845179999999982
14815,0.10559383333333155
9387,0.6883706666666707
10693,0.6999681666666585
8761,0.6990261666666607
12913,0.7328298333333305
538,0.8565043333333715
1011,0.41578849999999923
11635,0.6656341666666549
761,0.0964170000000024
101,0.40983549999999497
1496,0.15034566666666607
8103,0.712729833333327
3810,0.6086083333333028
8630,0.6979263333333217
6827,0.6686409999999764
14618,0.09770983333333468
11772,0.7939753333333551
129,0.4007565000000095
12686,0.09397150000000287
13071,0.7568108333333291
3396,0.6521950000000152
9516,0.6994588333333323
7555,0.5380053333333448
14670,0.40652116666666804
9392,0.651410833333341
10792,0.5192389999999801
7899,0.6935206666666688
10606,0.6965710000000138
8374,0.6388709999999856
13871,0.7109058333333278
1610,0.832960333333372
604,0.10448349999999787
8512,0.6954748333333459
2728,0.7055286666666803
7853,0.6588698333333324
1751,0.11933316666667068
13966,0.7161470000000124
2841,0.6218628333333338
9501,0.637583333333326
14996,0.39356816666665534
5748,0.7242948333333299
13889,0.380627833333316
7475,0.66980649999996
12336,0.8043161666666822
10497,0.3544935000000002
6117,0.6641941666666733
3337,0.6688603333333233
2755,0.5498093333333337
11986,0.5526899999999878
1277,0.7827253333333268
1508,0.790930499999978
485,0.5289986666666691
8097,0.740098499999992
3869,0.7589313333333358
10590,0.7152220000000123
2389,0.6243711666666826
11776,0.701723166666673
14542,0.10307483333333857
6553,0.6299486666666769
3237,0.6673333333333384
6122,0.453044833333321
1424,0.4089831666666662
13506,0.5866854999999735
11103,0.7663504999999683
3259,0.6557264999999932
9017,0.7986746666666402
1861,0.09950016666666771
11258,0.6444849999999868
1640,0.779691333333334
7399,0.7480435000000011
1439,0.8332603333333303
13557,0.7664040000000181
3680,0.5885221666666717
1429,0.7877671666666713
8158,0.6868895000000045
5229,0.7331083333333364
3722,0.6874914999999977
1348,0.5542083333333275
12103,0.09314116666666858
4740,0.7725925000000164
360,0.09857683333333765
11815,0.788565166666629
1531,0.41899633333332753
8533,0.6715516666666612
9612,0.6762933333333263
6374,0.5810555000000163
7412,0.6790134999999904
2720,0.7342493333333157
1221,0.8316716666666805
13312,0.29148650000000326
11105,0.5995640000000136
708,0.09962783333333673
12439,0.39640666666665214
13426,0.73477416666665
5388,0.7647893333333341
2556,0.7192930000000027
9814,0.6111473333333388
10921,0.6647085000000269
4389,0.7404975000000027
1216,0.3955703333333328
4835,0.6202513333333372
14521,0.09970016666666746
6903,0.6886053333333251
221,0.39607949999999725
2198,0.7472511666666619
535,0.3972496666666505
6203,0.804239000000005
6886,0.6915365000000153
8281,0.7289751666666596
3851,0.6122571666666947
11322,0.752570333333355
12354,0.3102928333333386
13551,0.6992955000000055
8119,0.3556395000000016
6941,0.708345500000001
14238,0.401831166666663
3641,0.6193763333333449
13128,0.7714716666666185
8520,0.635685999999997
11488,0.7046256666667324
4702,0.6894456666666594
4701,0.6950211666666761
2358,0.7751871666666817
6305,0.6292451666666597
6311,0.6684485000000098
2717,0.7411538333333366
5145,0.5778165000000017
14914,0.40837583333332234
1246,0.41949949999999075
5958,0.6315176666666608
8884,0.71085116666666
1723,0.10941600000000243
5919,0.4382366666666718
7825,0.6988993333333515
9639,0.5752644999999897
13309,0.6877051666666707
6697,0.729440666666678
2601,0.6911108333333318
1394,0.3946184999999871
5528,0.67731966666666
7827,0.6728746666666684
2568,0.41938116666668596
5825,0.6693388333333272
7330,0.5063475000000164
1012,0.10100983333333105
12727,0.41044949999998487
8086,0.516099999999996
2959,0.5868229999999824
3472,0.46763466666666487
12999,0.6986093333333386
14421,0.4233256666666485
13054,0.6678793333333258
4374,0.6888606666666786
9360,0.6902426666666833
11568,0.6400501666666985
2815,0.6871293333333219
9697,0.6000288333333313
8559,0.6805581666666649
13477,0.6910978333333554
13961,0.4398689999999962
1696,0.41329250000000045
1527,0.39283049999998265
12308,0.4091948333333451
4508,0.4711435000000043
11235,0.7379155000000017
11234,0.8369120000000603
11596,0.6959146666666629
8582,0.76078000000001
9901,0.7259793333333384
43,0.1011011666666718
2562,0.7660128333333301
5129,0.6549391666666871
5801,0.74310383333333
9452,0.6086675000000017
12845,0.6537496666666736
13535,0.5821108333333376
1057,0.3922193333333093
416,0.8271445000000329
10722,0.6886251666667029
786,0.8169548333333214
7553,0.6349823333333298
8034,0.8125458333333271
6106,0.6894361666666691
3951,0.7102281666666626
2585,0.7424475000000146
11676,0.7911391666666332
9483,0.29022566666666066
13529,0.6753813333333266
8686,0.7783713333333235
7262,0.24555933333332886
8438,0.44857250000000626
2081,0.7581681666666745
610,0.09436016666666508
3132,0.6762163333333029
1461,0.4120964999999834
5327,0.6236880000000112
2201,0.48381433333332974
4427,0.7042619999999989
6835,0.6486228333333551
11581,0.5930386666666768
27,0.4102678333333408
11580,0.5719868333333599
6345,0.6824778333333591
12568,0.4244698333333182
10782,0.6034069999999998
11127,0.6864743333333114
5360,0.5964725000000153
4183,0.7835848333333094
13614,0.7124699999999994
6247,0.6008598333333314
5252,0.6902203333333151
8380,0.7124841666666668
8737,0.8489750000000154
13152,0.7873828333333416
1762,0.6603856666666696
13974,0.6234916666666571
6780,0.7497906666666642
313,0.40641850000000324
7288,0.5328739999999886
14191,0.6612960000000399
6108,0.7150335000000035
3293,0.7210536666666804
8722,0.702124333333339
12211,0.42584616666664904
8736,0.5840319999999992
9826,0.6599173333333413
918,0.11479750000000176
5183,0.6562101666666842
8458,0.5416368333333228
11032,0.6048104999999908
10565,0.7565781666666694
2634,0.4747801666666525
6840,0.657287666666672
13409,0.6458238333333121
10637,0.6208956666666376
946,0.40059183333333165
14274,0.39465666666666765
6527,0.7046639999999939
4892,0.42687199999999426
288,0.8054310000000023
1557,0.6821505000000072
7814,0.5766234999999992
10524,0.6826940000000019
12993,0.5742091666666735
13909,0.6774173333333083
3388,0.8276316666666438
8747,0.674014999999998
14692,0.09624549999999953
13277,0.7920176666666501
4646,0.72685833333332
13431,0.6121988333333174
2115,0.7086914999999975
3624,0.7170403333333256
3324,0.6421141666666311
13934,0.6611058333333129
8192,0.718845333333349
882,0.09502066666666527
8137,0.6963450000000126
10468,0.6314403333333514
3498,0.6301001666666695
5253,0.6447626666666605
9503,0.748494500000021
10335,0.5021759999999983
7304,0.6923788333333382
5837,0.7753088333333246
13747,0.6661041666666628
14840,0.4321804999999881
2746,0.7113905000000121
3153,0.5358174999999846
13868,0.6184416666666814
9885,0.6296236666666608
14118,0.7442583333333428
507,0.39142666666666787
7603,0.6979793333333195
7023,0.7876484999999922
5769,0.6817011666666918
9572,0.5923086666666753
60,0.8008843333333082
10144,0.697301000000002
14527,0.41933750000002024
986,0.4012309999999967
4819,0.7361143333333148
6005,0.7119834999999991
407,0.09930250000000045
6326,0.6631718333333109
12725,0.3917693333333372
176,0.41440216666667545
8908,0.7118310000000047
11777,0.43345050000000945
6892,0.7793184999999984
5037,0.7395235000000111
3378,0.7489466666666693
10290,0.6846078333333474
7220,0.731365833333344
2004,0.7646351666666708
10250,0.7768758333333132
14646,0.413671666666685
2308,0.7127731666666858
14073,0.8226183333332993
8976,0.7150191666666584
5100,0.4808024999999963
4811,0.7490626666666574
344,0.40703416666667747
3049,0.7401384999999935
14963,0.1003756666666693
471,0.42865666666666347
11937,0.7330230000000006
5255,0.6855429999999957
7895,0.5658503333333174
13809,0.6897301666666591
12900,0.7330151666666685
5353,0.6987106666666667
7706,0.7580370000000044
8081,0.7321154999999963
10515,0.7444796666666679
5778,0.6899548333333293
5076,0.6946441666666662
12539,0.20319066666667132
3269,0.6862281666666364
7165,0.6517568333333421
2473,0.8283534999999894
8096,0.6723331666666545
4408,0.7171263333333456
2374,0.763097499999997
8760,0.7151881666666636
1863,0.10305050000000177
1997,0.4044096666666683
4534,0.3453823333333255
5441,0.7146354999999975
11644,0.7293588333333502
552,0.8084843333333015
5599,0.4374750000000091
2780,0.7264816666666695
9413,0.5766750000000125
14308,0.10291216666667032
4767,0.6842798333333248
7050,0.691932000000015
5440,0.6809311666666616
14203,0.6783438333333475
13881,0.6247611666667022
14149,0.3461529999999953
5980,0.6819905000000149
11029,0.7960725000000058
14927,0.37792483333333654
14240,0.3776234999999957
13902,0.5107169999999804
14633,0.8473113333333406
2964,0.5581754999999888
7689,0.6321791666666591
3727,0.6015828333333348
2806,0.4925101666666658
1647,0.40744383333333445
13484,0.5358443333333158
9804,0.6975664999999748
4616,0.729550333333332
11946,0.747756333333341
735,0.7077955000000198
9504,0.7075288333333256
11771,0.6150136666666957
14028,0.7546613333333257
2065,0.35899949999999764
12894,0.7030186666666421
12433,0.7888079999999562
2077,0.7313225000000015
10809,0.6177811666666696
10383,0.7359116666666555
13073,0.5000868333333347
10974,0.4156021666666636
3323,0.750126666666687
3984,0.7027984999999869
5230,0.6337988333333349
14870,0.8108093333333066
2087,0.7484046666666748
11354,0.6679983333333552
12464,0.8267971666667082
4722,0.7448883333333505
8724,0.6227391666666824
10467,0.2896568333333287
11998,0.46297116666666777
2914,0.7269378333333247
1930,0.7597804999999646
1219,0.8133740000000276
11335,0.6510206666666685
3245,0.5411598333333268
3435,0.5366583333333357
13962,0.8534758333332817
3101,0.8638251666666652
875,0.10770516666666914
14219,0.8620419999999823
1003,0.40494866666666873
12088,0.42187116666666113
14867,0.7827179999999753
9219,0.5586541666666769
9417,0.49558816666666455
1685,0.8274170000000259
7178,0.7430223333333287
3559,0.4769585000000084
4520,0.5334939999999903
7028,0.6604351666666636
11713,0.7213110000000192
8534,0.7647703333333243
14019,0.6360363333333088
6490,0.5361930000000018
10199,0.4051856666666581
838,0.7926378333333511
9586,0.7089546666666593
6213,0.7140398333333237
4727,0.7494976666666799
14074,0.6807938333333469
9041,0.5889759999999956
8020,0.638760666666678
12912,0.3619563333333411
9738,0.5934326666666784
7777,0.7288481666666611
4128,0.42092033333334394
2588,0.6239540000000108
14600,0.41516416666668277
7465,0.6805525000000096
9720,0.6606266666666695
6336,0.7456378333333147
7653,0.711899833333318
7768,0.5466208333333252
3144,0.714008833333316
12917,0.8434193333333279
7591,0.8260148333333289
2605,0.7224931666666959
14680,0.3958788333333514
12033,0.402963833333336
6831,0.7048771666666784
6656,0.4158745000000042
1118,0.8213126666666611
1998,0.8471451666666617
4487,0.7684151666666799
9599,0.7278036666666547
9718,0.698099666666682
10094,0.7539071666666679
8456,0.4038171666666631
3034,0.7336946666666587
13074,0.7172254999999937
3081,0.7053656666666744
5329,0.6776695000000124
7705,0.622618833333331
4340,0.5994361666666533
12026,0.816740666666659
9478,0.5955986666666583
4786,0.7121331666666719
14295,0.10441333333333465
4574,0.719257000000009
11374,0.853714833333342
13253,0.7655808333333336
4256,0.7462528333333249
9577,0.7582080000000185
11487,0.770811166666695
12772,0.5033681666666346
6753,0.6734283333333339
11000,0.5591478333333648
1071,0.6714220000000003
12687,0.09899500000000144
4564,0.5465721666666565
12319,0.41258833333333944
14489,0.08943266666666468
12315,0.753107166666719
10171,0.5085716666666716
11352,0.6344536666666621
1464,0.10652133333333687
12951,0.7564373333333433
10799,0.7235336666666249
4605,0.7413104999999907
4822,0.48549500000001505
12012,0.8134155000000238
10364,0.4334080000000092
3822,0.6454471666666498
7731,0.6566531666666596
8799,0.5026019999999859
3863,0.7306191666666675
4048,0.42168333333333013
2302,0.6817355000000113
6138,0.7137318333333426
2668,0.7618178333333073
8943,0.505292333333335
13517,0.5154028333333316
2759,0.6965546666666816
3188,0.7228896666666851
5197,0.6592400000000127
242,0.40723499999999613
7112,0.6932121666666832
8252,0.8062563333333267
5057,0.7803130000000122
2933,0.7462888333333368
9875,0.585203333333326
9487,0.5233968333333358
5323,0.7051575000000183
10605,0.6607735000000002
84,0.11056766666666412
7775,0.6260951666666639
12650,0.3952239999999868
2535,0.7453083333333281
2864,0.7611149999999828
290,0.39677666666666417
39,0.4042596666666746
2766,0.7381515000000088
2702,0.7421694999999923
8635,0.4965236666666649
2510,0.7366144999999812
8693,0.7361919999999945
2142,0.7654114999999881
12043,0.1030553333333375
12606,0.39233366666667363
4058,0.5230405000000004
10353,0.5539146666666679
1744,0.38725800000000876
4668,0.7367896666667048
8718,0.6890735000000251
3103,0.8412696666666677
2030,0.7092616666666833
4000,0.7581823333333503
8118,0.7298611666666758
7692,0.6532903333333407
938,0.10267333333333237
10895,0.7767845000000035
13219,0.789450333333354
14610,0.09758016666667063
1772,0.813324833333334
5091,0.7286955000000019
11917,0.7062031666666769
4894,0.4594141666666739
540,0.43544983333332865
4153,0.7336180000000067
7569,0.7218046666666789
13137,0.7247173333333358
2401,0.7073786666666609
12690,0.40015133333332875
10242,0.6872011666666623
8956,0.7819674999999943
5235,0.29226249999999776
12061,0.10889283333333341
6111,0.5648545000000007
3477,0.6650501666666864
5706,0.7115483333333227
5949,0.42867066666667264
11044,0.7920238333333132
9272,0.6739410000000112
12536,0.109222333333336
14471,0.42599516666668263
11071,0.7508600000000145
1134,0.4073178333333316
12229,0.7843028333333704
5611,0.5635539999999944
4712,0.6599598333333452
3772,0.648585333333327
13986,0.7108033333333554
6120,0.5573414999999988
13649,0.5119958333333414
13391,0.8238134999999953
6545,0.7620356666666656
4753,0.7410383333333332
5753,0.6787998333333477
7754,0.7015494999999966
7303,0.7171679999999943
6633,0.7257175000000189
3535,0.7226030000000072
8138,0.639797499999994
3371,0.6874253333333195
76,0.10555733333333411
2630,0.7037253333333156
7616,0.7059069999999856
11548,0.6419245000000711
5303,0.739439166666665
3247,0.6437571666666438
356,0.3906650000000068
13911,0.7649784999999996
268,0.38700033333332257
5259,0.6959441666666574
12348,0.1094468333333402
1469,0.5116953333333406
7368,0.6947008333333282
2494,0.815296833333335
12517,0.14508916666666508
6245,0.752393166666667
8021,0.7144996666666747
11802,0.6965824999999858
14168,0.7166101666666658
4936,0.636938666666669
1731,0.41035449999999696
8334,0.7939338333333719
4603,0.6611755000000065
921,0.4087728333333186
523,0.7232748333333472
10656,0.8040764999999975
12964,0.40972800000002424
5470,0.7200015000000043
5881,0.8010763333333428
12997,0.7347558333333427
14023,0.6783191666666671
8505,0.7497608333333243
8025,0.7208016666666774
175,0.6323411666667001
9393,0.7350460000000015
8785,0.7297055000000029
2662,0.7145793333333326
9475,0.7137533333333231
6636,0.7704991666666671
10608,0.8164953333333438
10846,0.6528388333333358
11086,0.6183761666666573
1433,0.39593549999999295
12212,0.8214383333333517
1172,0.3951893333333336
932,0.394101999999996
13338,0.673182166666647
14241,0.12296266666666594
4622,0.6623364999999888
9681,0.6872851666666687
10754,0.6971069999999951
4444,0.4058826666666612
6743,0.6751903333333403
432,0.40742833333333656
12986,0.451507666666659
14093,0.5287370000000117
7644,0.695716499999988
7444,0.7237994999999924
9652,0.5696651666666795
11660,0.6947679999999901
8160,0.4867638333333211
6784,0.6753210000000073
9930,0.7715870000000085
10282,0.7088355000000073
4385,0.7443934999999936
7276,0.7921578333333421
11936,0.613395500000022
10902,0.799634499999952
11647,0.41297216666668
9719,0.7265223333333397
6397,0.7657396666666758
9717,0.6143410000000167
11814,0.5339388333333357
14200,0.7659991666666777
9922,0.6004079999999989
8603,0.6702423333333273
6278,0.7693638333333437
185,0.3970344999999984
14785,0.389341499999994
7817,0.7292475000000136
8513,0.5948104999999988
7656,0.5734829999999984
2739,0.6382956666666676
10331,0.47089883333333576
10407,0.7360911666666596
12219,0.829617833333318
2465,0.6553615000000111
13622,0.5771403333333522
10582,0.6477213333333441
8369,0.7527246666666655
4526,0.7290886666666847
2286,0.7501468333333277
5628,0.73639733333333
14586,0.8068291666666552
854,0.7995145000000069
6436,0.7367458333333381
10854,0.6859661666666581
776,0.10060533333333281
5743,0.6962938333333235
14294,0.7997836666666721
9694,0.5912231666666761
1328,0.09788999999999917
12445,0.0985091666666755
4970,0.5446784999999832
9954,0.726586833333326
6533,0.6807984999999925
5308,0.6315805000000083
2644,0.8067893333333483
13333,0.6760823333333399
6343,0.7221908333333414
12379,0.7901866666666333
13060,0.7124259999999891
6747,0.7511826666666627
13675,0.6800813333333238
5905,0.6883456666666736
7116,0.5875914999999932
13924,0.7402783333333377
2613,0.7150196666666538
2444,0.7114308333333322
9971,0.6631116666666593
4883,0.5735446666666856
8028,0.5951626666666502
254,0.6681743333333281
11412,0.6478586666666835
10408,0.5832645000000267
11019,0.6774006666666623
6046,0.763983166666647
2336,0.7397946666666535
13829,0.7114116666666674
9688,0.693592666666664
6738,0.6527011666666758
6021,0.6778456666666806
7850,0.7415431666666729
415,0.4064679999999871
6741,0.7759506666666655
12451,0.8399774999999957
10375,0.7434713333333416
6101,0.6514958333333499
5765,0.6574801666666771
11826,0.7202528333332757
2955,0.6139851666666699
11004,0.7630328333333514
3226,0.7461255000000031
1792,0.40816433333334073
2433,0.7068308333333433
10631,0.7021304999999999
4776,0.6301623333333521
5373,0.6949446666666717
12980,0.7710656666666736
5856,0.5856630000000085
11135,0.6085416666666628
5596,0.6274150000000098
7846,0.6311333333333343
4295,0.6905106666666718
5870,0.7350550000000138
13817,0.47527150000000173
5331,0.7053361666666674
8742,0.7172430000000191
11173,0.8241613333333468
14588,0.40939683333333277
1006,0.39614283333332606
7931,0.4562324999999979
7751,0.7806469999999963
8744,0.5215556666666451
9895,0.7496590000000094
13499,0.6102423333333182
2130,0.7400978333333389
10947,0.7069696666666514
2628,0.6846209999999879
11242,0.6672159999999756
10929,0.28061249999998666
990,0.12990000000000282
8501,0.6748953333333189
9742,0.7438473333333108
14054,0.647478166666685
297,0.42450933333332524
12387,0.09878000000000219
14462,0.8047799999999589
10532,0.7104066666666751
11355,0.8555243333333155
2082,0.55599500000002
4004,0.3604078333333288
12235,0.8278519999999785
4265,0.4362955000000032
13440,0.6337380000000201
4513,0.4591671666666696
3800,0.7676491666666788
2237,0.7041226666666588
1064,0.6240076666666747
6712,0.6945416666666647
879,0.8038343333333237
14591,0.42328016666666707
14062,0.613588166666663
2210,0.38582833333333216
13914,0.6912638333333534
7008,0.5388053333333451
10281,0.46582766666663883
1573,0.41344716666666403
6335,0.7166875000000137
10657,0.7787234999999955
13397,0.7624449999999977
14072,0.6279763333333283
1109,0.7845199999999852
9015,0.7964965000000112
10117,0.4325874999999879
5660,0.7799658333333367
5842,0.7615668333333079
13266,0.5776316666666663
4512,0.7754041666666719
11342,0.5674948333333399
11527,0.671983666666684
11008,0.7909605000000209
6914,0.7712543333333381
14409,0.09983433333332876
14101,0.4107180000000037
9391,0.503954666666676
6427,0.7578234999999945
3175,0.7359805000000159
10213,0.7267860000000087
13926,0.46698816666666154
7837,0.5385925000000036
8276,0.8082836666666804
4982,0.5807829999999996
591,0.6958978333333713
14637,0.824435833333319
13249,0.7623646666666845
3091,0.5916398333333451
9178,0.725542333333342
3557,0.7277309999999833
12083,0.8149870000000093
10053,0.620385999999989
9223,0.44092433333333064
13539,0.6233066666666673
4132,0.636857166666672
3565,0.6341988333333174
5840,0.6859708333333632
9910,0.5732729999999996
8069,0.6773161666666693
12335,0.4127701666666632
10573,0.40675316666667416
12363,0.7630296666666387
12924,0.7366839999999971
12472,0.8493824999999877
2420,0.4937899999999887
10601,0.7825900000000162
12341,0.38129799999998376
3659,0.5826061666666661
1915,0.41362866666667325
3465,0.6237756666666605
3695,0.6824371666666722
3622,0.6692428333333483
9757,0.39612033333333146
14933,0.09359550000000186
2611,0.7613463333333418
5933,0.7114826666666562
10197,0.44117899999999405
3757,0.7409018333333318
7449,0.5949478333333319
7678,0.5794368333333294
12543,0.8075743333333523
7675,0.701161500000007
8968,0.631958166666644
8359,0.5633493333333395
9775,0.8281446666666804
2273,0.7268849999999999
14858,0.39961783333332734
5540,0.6283711666666363
12557,0.4255391666666385
1454,0.6037051666666723
5334,0.686166333333345
797,0.3182309999999842
6231,0.725172666666663
5262,0.6348231666666714
7599,0.681136166666646
2005,0.5917060000000086
7273,0.6175478333333478
1972,0.4098116666666568
11726,0.658987499999996
2447,0.7835313333333437
5458,0.6868180000000199
7794,0.38298749999999904
8833,0.47796666666667964
5426,0.6908328333333381
8147,0.6620763333333507
464,0.8240283333333662
914,0.5806718333333521
11886,0.6522366666666615
1077,0.840432333333343
2688,0.40182266666667965
3590,0.6826335000000039
4566,0.6102483333333268
5890,0.7342556666666679
12735,0.7060510000000162
8071,0.7769163333333404
13624,0.6907308333333197
11424,0.7279374999999967
4529,0.6775283333333426
9229,0.6873224999999973
2953,0.7080540000000028
14344,0.4201693333333373
1214,0.09950483333333386
10128,0.7287483333333227
2331,0.745208666666647
6337,0.5145521666666416
12984,0.7765985000000077
1343,0.4133441666666627
6240,0.6455463333333568
12971,0.6838549999999779
2654,0.560442000000004
11642,0.7069793333333169
4803,0.5991761666666706
3223,0.6807926666666673
1388,0.7063976666666659
4862,0.7691330000000135
6077,0.7635730000000048
3776,0.6623091666666536
12436,0.09984116666666844
12898,0.8528085000000478
11251,0.6801293333333743
7600,0.7641818333333343
2659,0.6848976666666833
11728,0.6660041666666655
478,0.7579994999999701
6669,0.6068644999999967
14459,0.8428731666666415
7329,0.7428501666666786
2519,0.7134073333333399
13765,0.6793841666666647
14020,0.6570286666666835
13444,0.6663888333333375
12977,0.7342619999999745
10309,0.666960166666648
5708,0.7602569999999802
2529,0.6884485000000171
12513,0.11016683333333575
922,0.40728666666665797
1314,0.41658349999999134
4581,0.7495618333333323
6957,0.5409746666666354
410,0.4133956666666336
11716,0.6577718333333455
8841,0.5195069999999924
2989,0.46474033333334525
8437,0.5345900000000001
14538,0.8233549999999965
8189,0.7041501666666656
5405,0.6910493333333455
6651,0.804048500000002
8814,0.6107468333333479
9737,0.6889041666666449
9007,0.6756853333333379
3681,0.5478328333333262
7450,0.738051333333339
4925,0.705099666666689
12649,0.4354233333333489
4051,0.528394833333316
3666,0.761962333333323
6244,0.5807551666666732
5109,0.6982058333333371
12074,0.10064300000000254
3123,0.6620211666666648
11607,0.7061180000000182
7365,0.6817244999999915
1129,0.10626066666666929
3966,0.7015409999999848
7845,0.6085410000000036
13943,0.5331719999999819
12720,0.4095946666666727
503,0.3857018333333296
7734,0.616983666666687
8208,0.7511330000000177
3417,0.5778991666666653
12559,0.10987300000000177
2398,0.5553791666666656
5716,0.5179141666666827
13692,0.769050666666663
3434,0.5659981666666586
1225,0.4054498333333285
10100,0.5224374999999929
14621,0.4484116666666493
6181,0.6846791666666712
5725,0.3604721666666777
5055,0.6674713333333387
9894,0.7256291666666764
7030,0.6632169999999951
5639,0.6941301666666602
14502,0.8428404999999952
11661,0.47067883333334337
3823,0.7056728333333224
2831,0.7360795000000093
6508,0.7538171666666739
13469,0.6543199999999904
12455,0.41267466666665625
3009,0.7407126666666539
10951,0.46234733333333444
702,0.4424981666666697
10194,0.6996038333333476
1715,0.4272974999999836
2821,0.46276983333334615
7549,0.291533333333332
889,0.09907483333333518
1526,0.8365141666666546
588,0.756398166666682
14493,0.7918385000000044
740,0.10005666666666872
14184,0.6060208333332889
533,0.41956183333331754
10973,0.6722875000000057
2319,0.6487575000000081
13448,0.4586051666666444
9721,0.8156133333333249
5541,0.5021608333333332
798,0.10191749999999826
5163,0.7393468333333306
6788,0.6771578333333238
7229,0.6570629999999947
781,0.8222561666666766
8865,0.7382831666666628
11473,0.3547494999999876
4110,0.7327606666666845
12958,0.5703139999999876
9994,0.7560118333333279
12287,0.10278666666666836
7870,0.5961766666666808
232,0.15471383333333288
14816,0.8170431666666262
11066,0.7879368333333095
13928,0.6639996666666803
1152,0.40750449999999827
3719,0.5457350000000036
5823,0.7313680000000053
14662,0.8386951666666679
9692,0.70523583333333
12915,0.4969338333333169
2642,0.7090246666666785
2404,0.7298699999999789
9594,0.7486960000000115
7547,0.6925685000000104
14806,0.16666666666666052
4842,0.7019746666666786
4134,0.7005306666666746
12094,0.09813450000000222
8016,0.7377381666666771
8152,0.7113523333333224
5486,0.715316999999994
437,0.39440883333333343
10790,0.4841125000000119
1704,0.40341233333334126
8920,0.6803531666666675
9356,0.6536393333333353
4076,0.6029161666666605
9615,0.4678160000000103
9878,0.48171599999998427
11811,0.7999026666666401
4711,0.7392660000000216
9940,0.7926514999999829
8989,0.6482446666666608
1005,0.7270024999999802
11470,0.7033088333333479
9136,0.694937166666701
6592,0.6257488333333394
1688,0.40987466666666017
12314,0.09866633333333522
2321,0.6824458333333415
1014,0.40002533333333834
13978,0.8068056666666422
6047,0.792870666666678
7186,0.6151581666666527
9443,0.6924716666666767
13075,0.719744000000015
4449,0.493359166666655
9974,0.7042908333333346
3260,0.7540878333333261
2247,0.6995133333333371
4816,0.6908031666666633
11796,0.6366853333333253
1748,0.7589554999999999
13870,0.32933700000001315
6904,0.744498833333342
517,0.10318066666666265
5324,0.6969678333333401
13523,0.7686080000000147
10048,0.7282863333333315
10271,0.6762286666666444
9492,0.46638850000001836
10990,0.7244309999999904
7471,0.7756883333333336
7025,0.7376456666666721
10388,0.7039176666666859
9166,0.7164898333333543
2885,0.6715353333333273
4789,0.7481229999999754
11357,0.719774499999986
9186,0.7380566666666705
13683,0.6860243333333512
11692,0.7126876666666725
8161,0.5269503333333239
2298,0.46801050000001576
3369,0.7081971666666658
118,0.38664716666663723
9754,0.7160604999999987
3513,0.6928196666666665
13681,0.754454333333351
2865,0.764344833333332
10066,0.6022726666666728
14418,0.8107766666666457
3180,0.7560738333333237
6777,0.7660060000000022
13753,0.7590409999999985
5246,0.7154966666666444
10775,0.56937783333332
2687,0.7321956666666838
12477,0.09523133333333336
5185,0.7351935000000052
1168,0.759392333333332
13581,0.457163666666661
14820,0.09605200000000919
6573,0.6968771666666606
10366,0.5105276666666538
7874,0.7315566666666746
14331,0.4172731666666736
1893,0.10316849999999998
6243,0.5605628333333308
6356,0.6366200000000108
8781,0.6899241666666547
9073,0.7064751666666585
10665,0.7736800000000187
11605,0.7571621666666932
13305,0.7558116666666546
8092,0.654219833333365
1016,0.41156100000000684
7200,0.7074206666666774
601,0.8321851666666484
4040,0.7222486666666769
4021,0.4754858333333263
6818,0.6677993333333108
4202,0.7308539999999867
6956,0.7418804999999876
13161,0.7350546666666352
7498,0.7754129999999835
970,0.42239200000000404
7799,0.4789710000000094
1261,0.4149614999999982
11606,0.4640928333333391
4457,0.6640504999999985
3191,0.7614576666666705
310,0.10100883333333313
5614,0.7548763333333371
10324,0.4222458333333285
181,0.10561400000000314
14046,0.48015333333333726
1585,0.8029646666666607
13802,0.6216293333333177
1509,0.42591483333333
1108,0.09896133333333394
1031,0.4561443333333281
8780,0.6707591666666549
14155,0.729687666666668
14509,0.40572516666667396
12159,0.4063134999999945
1628,0.41579616666666097
10034,0.7679393333333367
11250,0.5548279999999932
14066,0.7074221666666878
12895,0.5410478333333335
10859,0.6902513333333317
13698,0.8500491666667159
11202,0.43809750000000797
4772,0.7573323333333469
10776,0.8099900000000059
6977,0.6985744999999971
10696,0.7190988333333238
4864,0.6790768333333448
14151,0.5172838333333267
14260,0.416866000000009
11468,0.7492020000000144
3788,0.7642741666666591
1034,0.16346733333333557
5795,0.5677788333333503
9118,0.67248350000001
9179,0.6893778333333475
2767,0.5748693333333276
13980,0.7075771666666608
5394,0.6996533333333371
1434,0.40761600000000003
10877,0.7227525000000166
7387,0.5236546666666688
6730,0.5179903333333062
11077,0.8052449999999687
5333,0.6592448333333262
6255,0.4160666666666665
1592,0.4317775000000022
8088,0.705510500000002
14117,0.7086493333333529
11528,0.7884448333333376
13135,0.7371176666666919
14791,0.41470333333332543
4886,0.6912826666666781
8885,0.7539130000000053
10747,0.5789008333333134
14458,0.40417149999999696
7472,0.6974801666666538
741,0.5128401666666776
12706,0.8290256666666275
2450,0.7181391666666527
5843,0.6613625000000015
11531,0.6603528333333611
7908,0.5358238333333242
7376,0.41413166666666545
5179,0.5101778333333348
5712,0.5655673333333345
9077,0.7734680000000241
8010,0.5495421666666521
8819,0.7047463333333309
4713,0.7551625000000205
4636,0.5668360000000024
5118,0.7651994999999996
7255,0.4515394999999935
3020,0.7248358333333302
386,0.09793483333333504
3510,0.6507224999999923
4013,0.6651981666666797
13399,0.7477549999999888
10372,0.7845136666666763
2903,0.17907816666666285
8455,0.5825596666666571
655,0.8291570000000008
6520,0.5095666666666714
11597,0.7516490000000073
7440,0.6917504999999801
1180,0.8448085000000198
3755,0.7596909999999878
7432,0.7086551666666856
3372,0.7713736666666867
8310,0.5356503333333257
1855,0.7831423333333344
2051,0.7078378333333389
8454,0.6839881666666715
13343,0.4805236666666558
4208,0.7390528333333207
4554,0.7504701666666534
3720,0.7587616666666784
14105,0.6265275000000105
13746,0.7431685000000118
10287,0.6171850000000159
4002,0.6534494999999909
11592,0.6445898333333212
14435,0.41435983333333176
6532,0.75414366666667
9324,0.7209555000000011
8080,0.7592150000000062
12210,0.41343933333332633
2345,0.8019375000000056
13351,0.5257963333333552
6980,0.7368061666666746
3186,0.7839613333333457
14686,0.42664150000000595
6323,0.7433921666666602
8646,0.6973406666666682
2505,0.7720023333333313
468,0.8917231666666652
9714,0.6773053333333084
13569,0.7664830000000061
10401,0.6716446666666488
4151,0.7379990000000015
1403,0.8457180000000036
6725,0.33746399999999216
11519,0.7148265000000015
3030,0.7234713333333216
5955,0.7187891666666542
9977,0.6893926666666746
7385,0.6663678333333234
6051,0.7046188333333461
2609,0.7538583333333371
764,0.8025451666666726
11211,0.5676385000000294
8492,0.547087166666663
8591,0.4286479999999911
3087,0.34915566666667414
11315,0.6632128333333122
12839,0.7813993333333346
3853,0.7464730000000187
4463,0.546234833333322
10983,0.5525856666666501
1576,0.6249444999999881
6524,0.7164648333333381
2607,0.702004833333348
628,0.7483006666666832
8355,0.3743846666666854
1385,0.4143291666666749
9518,0.7228075000000499
11903,0.8691454999999896
14111,0.7063664999999993
6990,0.7089178333333129
11974,0.48546966666667646
11611,0.6121474999999839
14560,0.39680716666666344
12161,0.8610915000000476
12372,0.3992776666666812
107,0.43243616666665585
10412,0.31108299999999733
5004,0.7780813333333495
13480,0.744154000000034
87,0.4113184999999833
10571,0.5534483333333272
6277,0.6646504999999937
6841,0.68235283333332
9361,0.840086333333293
4158,0.5237558333333352
5500,0.6748315000000114
13028,0.4572698333333593
10952,0.4595603333333396
5048,0.6610441666666312
1598,0.8057613333333482
4159,0.8170938333333451
240,0.10034366666666676
10969,0.6987594999999838
9509,0.7320848333333264
12234,0.6187556666666637
12863,0.3695603333333187
7920,0.5133678333333433
10890,0.6403356666666882
2683,0.6604041666666722
12486,0.387490666666654
11824,0.7341126666666681
6357,0.5090790000000023
2304,0.7290079999999992
7132,0.5826465000000107
9800,0.6829941666666539
5490,0.5397791666666598
14306,0.3987615000000158
1112,0.09537150000000999
10772,0.6674099999999847
939,0.4170913333333286
3471,0.7207603333333346
3203,0.6685703333333417
5269,0.5168490000000105
6098,0.7790145000000132
4496,0.7948954999999904
11181,0.3786414999999994
78,0.40079916666666704
10655,0.8169858333333001
7666,0.825757333333342
6966,0.8030143333333426
14516,0.4383611666666591
14673,0.7555516666667084
6919,0.5806509999999862
2986,0.8117546666666597
12946,0.630063333333341
11226,0.6049248333333056
1908,0.8013308333333268
3576,0.747626666666647
14042,0.7524944999999976
506,0.8392268333333244
9951,0.7312666666666876
1737,0.1214599999999987
13380,0.6204128333333576
8331,0.5785165000000018
9846,0.7608311666666786
12361,0.8057105000000324
14790,0.40411133333331534
5385,0.7236368333333258
11893,0.6379809999999962
9611,0.7026236666666673
7552,0.6268391666666626
6908,0.6706543333333296
13766,0.7596648333333079
1001,0.10222716666666845
6403,0.5850688333333312
8073,0.6617158333333354
4397,0.7125633333333409
2366,0.5109366666666639
782,0.8520750000000124
12647,0.38797849999998674
8349,0.5443443333333418
200,0.6975809999999896
9105,0.7246336666666715
1236,0.4042291666666633
3594,0.6561568333333133
7673,0.7228858333333645
2383,0.7389921666666698
4234,0.6591230000000018
12239,0.09726733333333326
8581,0.7089040000000011
140,0.09844850000000122
2754,0.6997633333333382
807,0.8689176666666849
14844,0.42786349999999745
3865,0.7130506666666472
2685,0.6921820000000024
566,0.10333166666667053
9957,0.47920416666666
2614,0.8106184999999979
3261,0.6219154999999784
14322,0.09438500000000596
7674,0.362948999999992
4255,0.6204450000000054
6746,0.6984401666666831
10946,0.694978833333306
14025,0.5194334999999995
8839,0.6459403333333222
1090,0.4190854999999993
2679,0.48461450000000733
4745,0.6096791666666653
14946,0.373557166666658
4580,0.7596836666666661
12773,0.41397033333332933
6878,0.7095404999999982
8366,0.7503186666666852
9271,0.7178431666666618
559,0.10157650000000237
13027,0.8051923333333371
14400,0.421694166666665
7364,0.4691674999999981
9399,0.5829723333333342
7546,0.6767379999999886
13583,0.6971293333333175
1720,0.8035575000000045
5001,0.6891998333333373
322,0.48347216666667775
3214,0.7126266666666793
14439,0.7860965000000062
1086,0.7289868333333367
8094,0.7382756666666748
2192,0.6818676666666712
10367,0.7044469999999964
12405,0.6074386666666551
9829,0.7836089999999923
12759,0.4150380000000071
1140,0.7703896666666522
12619,0.4040546666666644
4470,0.5141631666666711
11095,0.7390523333333194
1801,0.09706399999999668
2822,0.7061731666666555
12948,0.693296333333334
13853,0.6590238333333348
11925,0.5076653333333394
5000,0.5673081666666547
12908,0.8377118333333397
5694,0.7202683333333463
10307,0.7598421666666643
2460,0.6514794999999837
13536,0.46249216666665544
6916,0.7087169999999867
13918,0.7009198333333289
3610,0.6836528333333166
7406,0.7408463333333541
12429,0.4255170000000004
9190,0.7721683333333448
8980,0.5993031666666627
3774,0.6420184999999955
14285,0.10139666666666877
5027,0.6209209999999916
3775,0.657902833333355
6329,0.6050084999999964
14808,0.10873166666667371
239,0.09543983333333313
10006,0.7465231666666639
4459,0.6042766666666748
2340,0.6900649999999967
10419,0.675808499999996
5311,0.7020639999999823
1408,0.41552616666666153
2357,0.6858925000000156
13819,0.4739568333333015
12136,0.11765266666666736
5194,0.5002290000000055
1757,0.4008861666666675
9677,0.7498066666666823
1280,0.41262233333332665
2295,0.7443353333333228
9059,0.48685516666664724
10021,0.762073666666657
5307,0.47819283333332113
10552,0.6869558333333605
14059,0.6533283333333462
6728,0.5816466666666766
10111,0.6020371666666527
12117,0.10754549999999954
14972,0.1085574999999999
6574,0.679014833333355
3142,0.760863000000007
9629,0.4429504999999981
11191,0.6945511666666663
182,0.8844583333333412
13689,0.6240901666666382
2966,0.6428201666666636
6129,0.7019878333333167
14913,0.3824366666666569
7159,0.5732475000000063
7509,0.6307201666666563
5330,0.7451518333333109
7370,0.6899503333333337
10416,0.4414686666666712
11700,0.7323776666666758
3700,0.7375459999999956
6955,0.6627814999999896
7758,0.6328353333333243
11373,0.6335905000000008
8550,0.706018000000009
11563,0.7088729999999511
5945,0.5086491666666659
5195,0.8203031666666604
6488,0.7122189999999881
1244,0.10415800000000108
7358,0.6793510000000018
4942,0.6114338333333412
4769,0.7259581666666791
7446,0.6411353333333579
8291,0.7031828333333202
11542,0.743402833333329
11108,0.8076978333333313
12564,0.41220116666666495
5622,0.7674158333333418
13531,0.7110308333333281
163,0.7979741666666594
6538,0.7627351666666453
1329,0.10090666666666982
4145,0.5443155000000117
9999,0.6342591666666639
3307,0.48740650000000685
3989,0.4683688333333246
8993,0.7498046666666849
3601,0.6918281666666587
8556,0.7090493333333373
12733,0.40866016666666316
4018,0.6270353333333235
11816,0.7606691666666614
3969,0.7467343333333348
12729,0.10842266666666699
7196,0.7066363333333212
14909,0.10161783333333692
4317,0.6564118333333406
106,0.8706116666667014
7789,0.663746166666668
7222,0.6196296666666601
14332,0.39750666666666284
9946,0.4849651666666749
1925,0.5939081666666541
6386,0.716487833333338
3042,0.7271726666666726
6219,0.7030590000000126
8965,0.6990498333333401
3318,0.6893994999999981
5417,0.5576261666666494
14051,0.5948280000000091
11003,0.7718905000000331
414,0.8235418333333496
11138,0.793537499999989
8058,0.6071643333333345
11395,0.5728000000000326
11582,0.5932956666666398
3243,0.5266899999999993
5225,0.5526660000000065
10165,0.8211693333332799
5439,0.761947833333351
13438,0.5344906666667181
6772,0.750733833333322
12943,0.4564734999999852
6110,0.7618996666666631
4473,0.3687788333333438
14657,0.4233736666666813
2509,0.6607761666666591
5927,0.6244295000000036
5737,0.7281156666666546
7836,0.7162486666666628
10131,0.5980081666666756
2805,0.811737000000024
532,0.10711566666666943
12044,0.10168283333333827
9031,0.7102853333333252
7457,0.6773030000000017
9035,0.7446113333333374
10248,0.6880191666666532
13967,0.46748416666668396
8991,0.7414603333333375
2335,0.7430724999999917
96,0.10055533333333214
1778,0.6628673333333311
6063,0.7291964999999954
2635,0.6911994999999881
5668,0.7173416666666743
2584,0.7271976666666873
10113,0.7754996666666615
3399,0.34402516666667315
1298,0.41604283333331227
7747,0.7464926666666682
14944,0.7968996666666678
554,0.4054388333333346
6585,0.6608033333333497
102,0.3994973333333281
11430,0.6591590000000063
13430,0.49476033333331965
11779,0.7093256666666812
6320,0.5916670000000188
8322,0.6933515000000062
3843,0.5868494999999933
13803,0.5132540000000024
12242,0.4031563333333337
262,0.4237473333333521
9567,0.7755733333333352
12034,0.8118523333333404
6826,0.4290804999999919
14842,0.5362259999999965
2857,0.44060650000000606
10643,0.8247413333333073
8238,0.30483483333333716
14470,0.10420900000000076
14961,0.6036958333333189
3485,0.717121833333322
429,0.40964416666666315
8050,0.7044244999999882
13303,0.67040766666668
11853,0.6481196666666559
6085,0.7714338333333347
2838,0.5765430000000001
528,0.09798333333333278
14282,0.19416500000001358
4428,0.5799983333333433
11341,0.7642486666666545
6999,0.6318558333333455
4689,0.7534823333333295
1250,0.8279308333333115
1506,0.40743000000002144
4995,0.7102298333333285
95,0.39521716666665485
3598,0.2318251666666594
8434,0.5570923333333212
14013,0.67135566666666
10221,0.6592744999999879
12847,0.7840825000000008
12036,0.3971384999999844
